,UUU,UUC,UUA,UUG,UCU,UCC,UCA,UCG,UAU,UAC,UAA,UAG,UGU,UGC,UGA,UGG,CUU,CUC,CUA,CUG,CCU,CCC,CCA,CCG,CAU,CAC,CAA,CAG,CGU,CGC,CGA,CGG,AUU,AUC,AUA,AUG,ACU,ACC,ACA,ACG,AAU,AAC,AAA,AAG,AGU,AGC,AGA,AGG,GUU,GUC,GUA,GUG,GCU,GCC,GCA,GCG,GAU,GAC,GAA,GAG,GGU,GGC,GGA,GGG,SUM
UUU,,,3,3,2,2,2,2,2,2,,,,,,2,3,3,3,3,,,,,,,,,,,,,1,1,1,3,3,3,3,3,1,1,,,2,2,,,,,,,2,2,2,2,,,,,3,3,3,3,76
UUC,,,3,3,3,3,3,3,3,3,,,1,1,,3,3,3,3,3,,,,,1,1,,,,,,,3,3,3,4,3,3,3,3,1,1,,,3,3,,,1,1,1,1,2,2,2,2,,,,,3,3,3,3,100
UUA,4,4,,,2,2,2,2,,,,,,,,,,,,,,,,,,,,,,,,,2,2,2,1,2,2,2,2,1,1,,,2,2,,,3,3,3,3,1,1,1,1,,,,,1,1,1,1,57
UUG,2,2,,,2,2,2,2,,,,,,,,2,,,,,,,,,,,,,,,,,1,1,1,2,2,2,2,2,1,1,,,2,2,,,1,1,1,1,1,1,1,1,,,,,1,1,1,1,45
UCU,1,1,1,1,,,,,,,,,,,,,1,1,1,1,2,2,2,2,,,,,,,,,1,1,1,,2,2,2,2,,,,,,,,,,,,,1,1,1,1,,,,,1,1,1,1,35
UCC,2,2,,,,,,,,,,,,,,,,,,,2,2,2,2,,,,,,,,,1,1,1,,2,2,2,2,,,,,,,,,,,,,1,1,1,1,,,,,1,1,1,1,31
UCA,1,1,1,1,,,,,,,,,,,,,1,1,1,1,2,2,2,2,,,,,,,,,1,1,1,,1,1,1,1,,,,,,,,,,,,,1,1,1,1,,,,,1,1,1,1,31
UCG,,,2,2,,,,,,,,,,,,,2,2,2,2,1,1,1,1,,,,,,,,,,,,,1,1,1,1,,,,,,,,,,,,,1,1,1,1,,,,,1,1,1,1,28
UAU,,,,,,,,,,,,,,,,,,,,,,,,,1,1,,,,,,,,,,1,,,,,3,3,,,,,,,,,,,,,,,,,,,,,,,9
UAC,,,,,,,,,,,,,1,1,,,,,,,,,,,2,2,,,,,,,,,,1,,,,,3,3,,,,,,,,,,,,,,,,,,,,,,,13
UAA,,,,,,,,,,,,,,,,,,,,,,,,,,,,,,,,,,,,,,,,,,,,,,,,,,,,,,,,,,,,,,,,,0
UAG,,,,,,,,,,,,,,,,,,,,,,,,,,,,,,,,,,,,,,,,,,,,,,,,,,,,,,,,,,,,,,,,,0
UGU,,,,,1,1,1,1,2,2,,,,,,,,,,,,,,,,,,,,,,,,,,,,,,,,,,,,,,,,,,,,,,,,,,,,,,,8
UGC,,,,,2,2,2,2,4,4,,,,,,1,,,,,,,,,,,,,1,1,1,1,,,,,,,,,,,,,2,2,1,1,,,,,,,,,,,,,,,,,27
UGA,,,,,,,,,,,,,,,,,,,,,,,,,,,,,,,,,,,,,,,,,,,,,,,,,,,,,,,,,,,,,,,,,0
UGG,3,3,,,,,,,,,,,,,,,,,,,,,,,,,,,,,,,,,,,,,,,,,,,,,,,,,,,,,,,,,,,1,1,1,1,10
CUU,2,2,,,1,1,1,1,,,,,1,1,,,,,,,2,2,2,2,,,,,,,,,2,2,2,2,2,2,2,2,2,2,,,1,1,,,1,1,1,1,1,1,1,1,,,,,1,1,1,1,52
CUC,3,3,,,1,1,1,1,,,,,1,1,,,,,,,3,3,3,3,1,1,,,,,,,2,2,2,2,2,2,2,2,2,2,,,1,1,,,1,1,1,1,1,1,1,1,,,,,1,1,1,1,60
CUA,2,2,,,1,1,1,1,,,,,1,1,,,,,,,2,2,2,2,,,2,2,,,,,1,1,1,1,2,2,2,2,1,1,,,1,1,,,1,1,1,1,1,1,1,1,,,,,1,1,1,1,50
CUG,2,2,,,2,2,2,2,,,,,2,2,,,,,,,3,3,3,3,,,1,1,,,,,3,3,3,2,3,3,3,3,3,3,,,2,2,,,2,2,2,2,2,2,2,2,,,,,2,2,2,2,87
CCU,,,3,3,3,3,3,3,2,2,,,,,,,3,3,3,3,,,,,,,2,2,2,2,2,2,4,4,4,1,3,3,3,3,1,1,,,3,3,2,2,3,3,3,3,3,3,3,3,,,,,2,2,2,2,115
CCC,,,3,3,2,2,2,2,,,,,,,,,3,3,3,3,,,,,,,,,,,,,3,3,3,1,3,3,3,3,,,,,2,2,,,3,3,3,3,2,2,2,2,,,,,1,1,1,1,76
CCA,,,2,2,3,3,3,3,,,,,,,,,2,2,2,2,,,,,,,2,2,,,,,3,3,3,1,4,4,4,4,1,1,,,3,3,,,3,3,3,3,3,3,3,3,,,,,2,2,2,2,94
CCG,,,3,3,3,3,3,3,,,,,,,,,3,3,3,3,,,,,1,1,1,1,,,,,3,3,3,1,3,3,3,3,1,1,,,3,3,,,3,3,3,3,3,3,3,3,,,,,2,2,2,2,96
CAU,1,1,,,1,1,1,1,1,1,,,,,,2,,,,,,,,,,,4,4,,,,,,,,1,,,,,1,1,,,1,1,,,,,,,2,2,2,2,,,,,1,1,1,1,35
CAC,1,1,,,,,,,1,1,,,,,,2,,,,,,,,,,,3,3,,,,,,,,2,,,,,3,3,,,,,,,,,,,2,2,2,2,,,,,1,1,1,1,32
CAA,,,,,1,1,1,1,,,,,,,,,,,,,,,,,1,1,,,,,,,,,,,,,,,,,,,1,1,,,,,,,3,3,3,3,,,,,2,2,2,2,28
CAG,,,,,1,1,1,1,,,,,,,,,,,,,,,,,,,,,,,,,,,,,,,,,,,,,1,1,,,,,,,3,3,3,3,,,,,2,2,2,2,26
CGU,1,1,,,,,,,,,,,,,,,,,,,,,,,1,1,,,,,,,,,,,,,,,,,,,,,,,,,,,,,,,,,,,,,,,4
CGC,,,,,,,,,,,,,3,3,,,,,,,,,,,2,2,,,,,,,,,,,,,,,,,,,,,,,,,,,,,,,,,,,,,,,10
CGA,,,,,,,,,,,,,,,,,,,,,,,,,,,5,5,,,,,,,,,,,,,4,4,,,,,,,,,,,,,,,,,,,,,,,18
CGG,,,,,,,,,,,,,,,,,,,,,,,,,,,5,5,,,,,,,,,,,,,,,,,,,,,,,,,,,,,,,,,1,1,1,1,14
AUU,1,1,3,3,,,,,,,,,,,,,3,3,3,3,,,,,,,,,,,,,,,,3,3,3,3,3,,,,,,,,,3,3,3,3,,,,,,,,,,,,,47
AUC,1,1,3,3,,,,,,,,,,,,,3,3,3,3,,,,,,,,,,,,,,,,3,4,4,4,4,1,1,,,,,,,4,4,4,4,,,,,,,,,,,,,57
AUA,,,1,1,,,,,,,,,,,,,1,1,1,1,,,,,,,,,,,,,,,,5,2,2,2,2,,,,,,,,,2,2,2,2,,,,,,,,,,,,,27
AUG,,,1,1,,,,,,,,,,,,,1,1,1,1,,,,,,,,,,,,,3,3,3,,4,4,4,4,,,,,,,,,,,,,,,,,,,,,,,,,31
ACU,1,1,1,1,5,5,5,5,,,,,3,3,,,1,1,1,1,,,,,,,,,,,,,1,1,1,,,,,,1,1,,,5,5,,,1,1,1,1,2,2,2,2,1,1,,,1,1,1,1,67
ACC,,,1,1,5,5,5,5,,,,,3,3,,,1,1,1,1,,,,,,,,,,,,,1,1,1,1,,,,,1,1,,,5,5,,,2,2,2,2,2,2,2,2,1,1,,,1,1,1,1,70
ACA,,,,,4,4,4,4,,,,,1,1,,,,,,,,,,,,,,,,,,,,,,,,,,,,,,,4,4,,,,,,,1,1,1,1,,,,,,,,,30
ACG,,,,,4,4,4,4,,,,,1,1,,,,,,,,,,,,,,,,,,,,,,1,,,,,,,,,4,4,,,1,1,1,1,2,2,2,2,,,,,,,,,39
AAU,,,,,4,4,4,4,,,,,,,,,,,,,,,,,,,,,,,,,,,,,,,,,,,2,2,4,4,,,,,,,1,1,1,1,2,2,,,1,1,1,1,40
AAC,,,,,4,4,4,4,,,,,,,,,,,,,,,,,,,,,,,,,,,,,,,,,,,2,2,4,4,,,,,,,1,1,1,1,2,2,,,1,1,1,1,40
AAA,,,,,,,,,,,,,,,,,,,,,,,,,,,,,,,,,,,,,1,1,1,1,,,,,,,,,,,,,1,1,1,1,,,,,,,,,8
AAG,1,1,,,,,,,,,,,1,1,,,,,,,,,,,,,,,,,,,,,,2,2,2,2,2,,,,,,,,,,,,,2,2,2,2,,,,,,,,,22
AGU,,,,,,,,,,,,,,,,,,,,,,,,,,,,,,,,,,,,,1,1,1,1,3,3,,,,,,,,,,,,,,,,,,,,,,,10
AGC,,,,,,,,,,,,,,,,,,,,,,,,,,,,,,,,,,,,,1,1,1,1,4,4,,,,,,,,,,,,,,,,,,,1,1,1,1,16
AGA,,,,,3,3,3,3,,,,,,,,,,,,,,,,,,,,,,,,,,,,,,,,,,,2,2,3,3,,,,,,,,,,,,,,,,,,,22
AGG,,,,,1,1,1,1,,,,,,,,,,,,,,,,,,,,,,,,,,,,,,,,,,,,,1,1,,,,,,,,,,,,,,,1,1,1,1,10
GUU,,,3,3,1,1,1,1,,,,,4,4,,,3,3,3,3,3,3,3,3,,,,,,,,,5,5,5,2,4,4,4,4,2,2,,,1,1,,,,,,,4,4,4,4,1,1,,,2,2,2,2,107
GUC,,,3,3,1,1,1,1,,,,,4,4,,,3,3,3,3,3,3,3,3,,,,,,,,,5,5,5,2,4,4,4,4,2,2,,,1,1,,,,,,,4,4,4,4,1,1,,,1,1,1,1,103
GUA,,,3,3,1,1,1,1,,,,,4,4,,,3,3,3,3,3,3,3,3,,,,,,,,,5,5,5,2,4,4,4,4,2,2,,,1,1,,,,,,,4,4,4,4,1,1,,,1,1,1,1,103
GUG,,,3,3,1,1,1,1,,,,,4,4,,,3,3,3,3,3,3,3,3,,,,,,,,,4,4,4,5,3,3,3,3,2,2,,,1,1,,,,,,,2,2,2,2,1,1,,,2,2,2,2,95
GCU,,,,,5,5,5,5,,,,,1,1,,,,,,,3,3,3,3,,,,,,,,,,,,1,3,3,3,3,,,,,5,5,,,2,2,2,2,,,,,,,,,2,2,2,2,73
GCC,,,,,5,5,5,5,,,,,2,2,,,,,,,2,2,2,2,,,,,,,,,,,,1,3,3,3,3,,,,,5,5,,,1,1,1,1,,,,,,,,,5,5,5,5,79
GCA,,,,,5,5,5,5,,,,,1,1,,,,,,,2,2,2,2,,,,,,,,,,,,1,3,3,3,3,,,,,5,5,,,1,1,1,1,,,,,,,,,5,5,5,5,77
GCG,,,,,5,5,5,5,,,,,1,1,,,,,,,2,2,2,2,,,,,,,,,,,,1,2,2,2,2,,,,,5,5,,,1,1,1,1,,,,,,,,,4,4,4,4,69
GAU,,,,,,,,,,,,,,,,,,,,,,,,,,,,,,,,,,,,,,,,,,,,,,,,,,,,,,,,,,,2,2,,,,,4
GAC,,,,,,,,,,,,,1,1,,,,,,,,,,,,,,,,,,,,,,,,,,,,,,,,,,,,,,,,,,,,,1,1,,,,,4
GAA,,,,,1,1,1,1,,,,,,,,,,,,,,,,,,,1,1,,,,,,,,,,,,,,,2,2,1,1,,,,,,,2,2,2,2,,,,,3,3,3,3,32
GAG,,,,,,,,,,,,,,,,,,,,,,,,,,,,,,,,,,,,,,,,,,,,,,,,,,,,,1,1,1,1,,,,,2,2,2,2,12
GGU,,,,,2,2,2,2,,,,,,,,,,,,,,,,,,,,,,,,,,,,,,,,,,,,,2,2,,,,,,,1,1,1,1,,,,,,,,,16
GGC,,,,,4,4,4,4,,,,,,,,,,,,,,,,,,,,,,,,,,,,,,,,,,,,,4,4,,,,,,,1,1,1,1,4,4,,,,,,,36
GGA,,,,,,,,,,,,,,,,,,,,,,,,,,,,,,,,,,,,,,,,,,,,,,,,,,,,,1,1,1,1,,,3,3,,,,,10
GGG,,,,,,,,,,,,,,,,,,,,,,,,,1,1,,,1,1,1,1,,,,,,,,,,,,,,,1,1,,,,,1,1,1,1,,,,,,,,,12