 ,ALA,ARG,ASN,ASP,CYS,GLN,GLU,GLY,HIS,ILE,LEU,LYS,MET,PHE,PRO,SER,THR,TRP,TYR,VAL
ALA,2,-2,0,0,-2,0,0,1,-1,-1,-2,-1,-1,-3,1,1,1,-6,-3,0
ARG,-2,6,0,-1,-4,1,-1,-3,2,-2,-3,3,0,-4,0,0,-1,2,-4,-2
ASN,0,0,2,2,-4,1,1,0,2,-2,-3,1,-2,-3,0,1,0,-4,-2,-2
ASP,0,-1,2,4,-5,2,3,1,1,-2,-4,0,-3,-6,-1,0,0,-7,-4,-2
CYS,-2,-4,-4,-5,12,-5,-5,-3,-3,-2,-6,-5,-5,-4,-3,0,-2,-8,0,-2
GLN,0,1,1,2,-5,4,2,-1,3,-2,-2,1,-1,-5,0,-1,-1,-5,-4,-2
GLU,0,-1,1,3,-5,2,4,0,1,-2,-3,0,-2,-5,-1,0,0,-7,-4,-2
GLY,1,-3,0,1,-3,-1,0,5,-2,-3,-4,-2,-3,-5,0,1,0,-7,-5,-1
HIS,-1,2,2,1,-3,3,1,-2,6,-2,-2,0,-2,-2,0,-1,-1,-3,0,-2
ILE,-1,-2,-2,-2,-2,-2,-2,-3,-2,5,2,-2,2,1,-2,-1,0,-5,-1,4
LEU,-2,-3,-3,-4,-6,-2,-3,-4,-2,2,6,-3,4,2,-3,-3,-2,-2,-1,2
LYS,-1,3,1,0,-5,1,0,-2,0,-2,-3,5,0,-5,-1,0,0,-3,-4,-2
MET,-1,0,-2,-3,-5,-1,-2,-3,-2,2,4,0,6,0,-2,-2,-1,-4,-2,2
PHE,-3,-4,-3,-6,-4,-5,-5,-5,-2,1,2,-5,0,9,-5,-3,-3,0,7,-1
PRO,1,0,0,-1,-3,0,-1,0,0,-2,-3,-1,-2,-5,6,1,0,-6,-5,-1
SER,1,0,1,0,0,-1,0,1,-1,-1,-3,0,-2,-3,1,2,1,-2,-3,-1
THR,1,-1,0,0,-2,-1,0,0,-1,0,-2,0,-1,-3,0,1,3,-5,-3,0
TRP,-6,2,-4,-7,-8,-5,-7,-7,-3,-5,-2,-3,-4,0,-6,-2,-5,17,0,-6
TYR,-3,-4,-2,-4,0,-4,-4,-5,0,-1,-1,-4,-2,7,-5,-3,-3,0,10,-2
VAL,0,-2,-2,-2,-2,-2,-2,-1,-2,4,2,-2,2,-1,-1,-1,0,-6,-2,4