 ,UUU,UUC,UUA,UUG,UCU,UCC,UCA,UCG,UAU,UAC,UAA,UAG,UGU,UGC,UGA,UGG,CUU,CUC,CUA,CUG,CCU,CCC,CCA,CCG,CAU,CAC,CAA,CAG,CGU,CGC,CGA,CGG,AUU,AUC,AUA,AUG,ACU,ACC,ACA,ACG,AAU,AAC,AAA,AAG,AGU,AGC,AGA,AGG,GUU,GUC,GUA,GUG,GCU,GCC,GCA,GCG,GAU,GAC,GAA,GAG,GGU,GGC,GGA,GGG
UUU,*,0.0,22.485207100591715,22.485207100591715,39.64497041420118,-,-,-,3.609467455621302,-,-,-,4.792899408284024,-,-,-,22.485207100591715,-,-,-,-,-,-,-,-,-,-,-,-,-,-,-,11.538461538461538,-,-,-,-,-,-,-,-,-,-,-,-,-,-,-,16.568047337278106,-,-,-,-,-,-,-,-,-,-,-,-,-,-,-
UUC,0.0,*,22.485207100591715,22.485207100591715,-,39.64497041420118,-,-,-,3.609467455621302,-,-,-,4.792899408284024,-,-,-,22.485207100591715,-,-,-,-,-,-,-,-,-,-,-,-,-,-,-,11.538461538461538,-,-,-,-,-,-,-,-,-,-,-,-,-,-,-,16.568047337278106,-,-,-,-,-,-,-,-,-,-,-,-,-,-
UUA,22.485207100591715,22.485207100591715,*,0.0,-,-,36.3905325443787,-,-,-,-,-,-,-,-,-,-,-,0.0,-,-,-,-,-,-,-,-,-,-,-,-,-,-,-,3.5502958579881656,-,-,-,-,-,-,-,-,-,-,-,-,-,-,-,5.9171597633136095,-,-,-,-,-,-,-,-,-,-,-,-,-
UUG,22.485207100591715,22.485207100591715,0.0,*,-,-,-,36.3905325443787,-,-,-,-,-,-,-,5.325443786982249,-,-,-,0.0,-,-,-,-,-,-,-,-,-,-,-,-,-,-,-,13.609467455621305,-,-,-,-,-,-,-,-,-,-,-,-,-,-,-,5.9171597633136095,-,-,-,-,-,-,-,-,-,-,-,-
UCU,39.64497041420118,-,-,-,*,0.0,0.0,0.0,6.863905325443788,-,-,-,5.384615384615385,-,-,-,-,-,-,-,33.72781065088758,-,-,-,-,-,-,-,-,-,-,-,-,-,-,-,14.201183431952662,-,-,-,-,-,-,-,-,-,-,-,-,-,-,-,12.1301775147929,-,-,-,-,-,-,-,-,-,-,-
UCC,-,39.64497041420118,-,-,0.0,*,0.0,0.0,-,6.863905325443788,-,-,-,5.384615384615385,-,-,-,-,-,-,-,33.72781065088758,-,-,-,-,-,-,-,-,-,-,-,-,-,-,-,14.201183431952662,-,-,-,-,-,-,-,-,-,-,-,-,-,-,-,12.1301775147929,-,-,-,-,-,-,-,-,-,-
UCA,-,-,36.3905325443787,-,0.0,0.0,*,0.0,-,-,-,-,-,-,-,-,-,-,-,-,-,-,33.72781065088758,-,-,-,-,-,-,-,-,-,-,-,-,-,-,-,14.201183431952662,-,-,-,-,-,-,-,-,-,-,-,-,-,-,-,12.1301775147929,-,-,-,-,-,-,-,-,-
UCG,-,-,-,36.3905325443787,0.0,0.0,0.0,*,-,-,-,-,-,-,-,9.289940828402367,-,-,-,-,-,-,-,33.72781065088758,-,-,-,-,-,-,-,-,-,-,-,-,-,-,-,14.201183431952662,-,-,-,-,-,-,-,-,-,-,-,-,-,-,-,12.1301775147929,-,-,-,-,-,-,-,-
UAU,3.609467455621302,-,-,-,6.863905325443788,-,-,-,*,0.0,-,-,31.06508875739645,-,-,-,-,-,-,-,-,-,-,-,35.50295857988166,-,-,-,-,-,-,-,-,-,-,-,-,-,-,-,29.585798816568047,-,-,-,-,-,-,-,-,-,-,-,-,-,-,-,38.16568047337279,-,-,-,-,-,-,-
UAC,-,3.609467455621302,-,-,-,6.863905325443788,-,-,0.0,*,-,-,-,31.06508875739645,-,-,-,-,-,-,-,-,-,-,-,35.50295857988166,-,-,-,-,-,-,-,-,-,-,-,-,-,-,-,29.585798816568047,-,-,-,-,-,-,-,-,-,-,-,-,-,-,-,38.16568047337279,-,-,-,-,-,-
UAA,-,-,-,-,-,-,-,-,-,-,-,-,-,-,-,-,-,-,-,-,-,-,-,-,-,-,-,-,-,-,-,-,-,-,-,-,-,-,-,-,-,-,-,-,-,-,-,-,-,-,-,-,-,-,-,-,-,-,-,-,-,-,-,-
UAG,-,-,-,-,-,-,-,-,-,-,-,-,-,-,-,-,-,-,-,-,-,-,-,-,-,-,-,-,-,-,-,-,-,-,-,-,-,-,-,-,-,-,-,-,-,-,-,-,-,-,-,-,-,-,-,-,-,-,-,-,-,-,-,-
UGU,4.792899408284024,-,-,-,5.384615384615385,-,-,-,31.06508875739645,-,-,-,*,0.0,-,74.55621301775149,-,-,-,-,-,-,-,-,-,-,-,-,92.89940828402366,-,-,-,-,-,-,-,-,-,-,-,-,-,-,-,26.923076923076923,-,-,-,-,-,-,-,-,-,-,-,-,-,-,-,32.248520710059175,-,-,-
UGC,-,4.792899408284024,-,-,-,5.384615384615385,-,-,-,31.06508875739645,-,-,0.0,*,-,74.55621301775149,-,-,-,-,-,-,-,-,-,-,-,-,-,92.89940828402366,-,-,-,-,-,-,-,-,-,-,-,-,-,-,-,26.923076923076923,-,-,-,-,-,-,-,-,-,-,-,-,-,-,-,32.248520710059175,-,-
UGA,-,-,-,-,-,-,-,-,-,-,-,-,-,-,-,-,-,-,-,-,-,-,-,-,-,-,-,-,-,-,-,-,-,-,-,-,-,-,-,-,-,-,-,-,-,-,-,-,-,-,-,-,-,-,-,-,-,-,-,-,-,-,-,-
UGG,-,-,-,5.325443786982249,-,-,-,9.289940828402367,-,-,-,-,74.55621301775149,74.55621301775149,-,*,-,-,-,-,-,-,-,-,-,-,-,-,-,-,-,61.53846153846154,-,-,-,-,-,-,-,-,-,-,-,-,-,-,-,30.76923076923077,-,-,-,-,-,-,-,-,-,-,-,-,-,-,-,59.171597633136095
CUU,22.485207100591715,-,-,-,-,-,-,-,-,-,-,-,-,-,-,-,*,0.0,0.0,0.0,28.994082840236686,-,-,-,6.331360946745562,-,-,-,8.698224852071007,-,-,-,3.5502958579881656,-,-,-,-,-,-,-,-,-,-,-,-,-,-,-,5.9171597633136095,-,-,-,-,-,-,-,-,-,-,-,-,-,-,-
CUC,-,22.485207100591715,-,-,-,-,-,-,-,-,-,-,-,-,-,-,0.0,*,0.0,0.0,-,28.994082840236686,-,-,-,6.331360946745562,-,-,-,8.698224852071007,-,-,-,3.5502958579881656,-,-,-,-,-,-,-,-,-,-,-,-,-,-,-,5.9171597633136095,-,-,-,-,-,-,-,-,-,-,-,-,-,-
CUA,-,-,0.0,-,-,-,-,-,-,-,-,-,-,-,-,-,0.0,0.0,*,0.0,-,-,28.994082840236686,-,-,-,7.337278106508875,-,-,-,8.698224852071007,-,-,-,3.5502958579881656,-,-,-,-,-,-,-,-,-,-,-,-,-,-,-,5.9171597633136095,-,-,-,-,-,-,-,-,-,-,-,-,-
CUG,-,-,-,0.0,-,-,-,-,-,-,-,-,-,-,-,-,0.0,0.0,0.0,*,-,-,-,28.994082840236686,-,-,-,7.337278106508875,-,-,-,8.698224852071007,-,-,-,13.609467455621305,-,-,-,-,-,-,-,-,-,-,-,-,-,-,-,5.9171597633136095,-,-,-,-,-,-,-,-,-,-,-,-
CCU,-,-,-,-,33.72781065088758,-,-,-,-,-,-,-,-,-,-,-,28.994082840236686,-,-,-,*,0.0,0.0,0.0,4.201183431952662,-,-,-,6.21301775147929,-,-,-,-,-,-,-,6.804733727810652,-,-,-,-,-,-,-,-,-,-,-,-,-,-,-,20.118343195266274,-,-,-,-,-,-,-,-,-,-,-
CCC,-,-,-,-,-,33.72781065088758,-,-,-,-,-,-,-,-,-,-,-,28.994082840236686,-,-,0.0,*,0.0,0.0,-,4.201183431952662,-,-,-,6.21301775147929,-,-,-,-,-,-,-,6.804733727810652,-,-,-,-,-,-,-,-,-,-,-,-,-,-,-,20.118343195266274,-,-,-,-,-,-,-,-,-,-
CCA,-,-,-,-,-,-,33.72781065088758,-,-,-,-,-,-,-,-,-,-,-,28.994082840236686,-,0.0,0.0,*,0.0,-,-,3.3136094674556213,-,-,-,6.21301775147929,-,-,-,-,-,-,-,6.804733727810652,-,-,-,-,-,-,-,-,-,-,-,-,-,-,-,20.118343195266274,-,-,-,-,-,-,-,-,-
CCG,-,-,-,-,-,-,-,33.72781065088758,-,-,-,-,-,-,-,-,-,-,-,28.994082840236686,0.0,0.0,0.0,*,-,-,-,3.3136094674556213,-,-,-,6.21301775147929,-,-,-,-,-,-,-,6.804733727810652,-,-,-,-,-,-,-,-,-,-,-,-,-,-,-,20.118343195266274,-,-,-,-,-,-,-,-
CAU,-,-,-,-,-,-,-,-,35.50295857988166,-,-,-,-,-,-,-,6.331360946745562,-,-,-,4.201183431952662,-,-,-,*,0.0,27.810650887573967,27.810650887573967,18.93491124260355,-,-,-,-,-,-,-,-,-,-,-,17.45562130177515,-,-,-,-,-,-,-,-,-,-,-,-,-,-,-,25.7396449704142,-,-,-,-,-,-,-
CAC,-,-,-,-,-,-,-,-,-,35.50295857988166,-,-,-,-,-,-,-,6.331360946745562,-,-,-,4.201183431952662,-,-,0.0,*,27.810650887573967,27.810650887573967,-,18.93491124260355,-,-,-,-,-,-,-,-,-,-,-,17.45562130177515,-,-,-,-,-,-,-,-,-,-,-,-,-,-,-,25.7396449704142,-,-,-,-,-,-
CAA,-,-,-,-,-,-,-,-,-,-,-,-,-,-,-,-,-,-,7.337278106508875,-,-,-,3.3136094674556213,-,27.810650887573967,27.810650887573967,*,0.0,-,-,18.04733727810651,-,-,-,-,-,-,-,-,-,-,-,14.497041420118343,-,-,-,-,-,-,-,-,-,-,-,-,-,-,-,14.201183431952662,-,-,-,-,-
CAG,-,-,-,-,-,-,-,-,-,-,-,-,-,-,-,-,-,-,-,7.337278106508875,-,-,-,3.3136094674556213,27.810650887573967,27.810650887573967,0.0,*,-,-,-,18.04733727810651,-,-,-,-,-,-,-,-,-,-,-,14.497041420118343,-,-,-,-,-,-,-,-,-,-,-,-,-,-,-,14.201183431952662,-,-,-,-
CGU,-,-,-,-,-,-,-,-,-,-,-,-,92.89940828402366,-,-,-,8.698224852071007,-,-,-,6.21301775147929,-,-,-,18.93491124260355,-,-,-,*,0.0,0.0,0.0,-,-,-,-,-,-,-,-,-,-,-,-,37.278106508875744,-,-,-,-,-,-,-,-,-,-,-,-,-,-,-,50.0,-,-,-
CGC,-,-,-,-,-,-,-,-,-,-,-,-,-,92.89940828402366,-,-,-,8.698224852071007,-,-,-,6.21301775147929,-,-,-,18.93491124260355,-,-,0.0,*,0.0,0.0,-,-,-,-,-,-,-,-,-,-,-,-,-,37.278106508875744,-,-,-,-,-,-,-,-,-,-,-,-,-,-,-,50.0,-,-
CGA,-,-,-,-,-,-,-,-,-,-,-,-,-,-,-,-,-,-,8.698224852071007,-,-,-,6.21301775147929,-,-,-,18.04733727810651,-,0.0,0.0,*,0.0,-,-,-,-,-,-,-,-,-,-,-,-,-,-,0.0,-,-,-,-,-,-,-,-,-,-,-,-,-,-,-,50.0,-
CGG,-,-,-,-,-,-,-,-,-,-,-,-,-,-,-,61.53846153846154,-,-,-,8.698224852071007,-,-,-,6.21301775147929,-,-,-,18.04733727810651,0.0,0.0,0.0,*,-,-,-,-,-,-,-,-,-,-,-,-,-,-,-,0.0,-,-,-,-,-,-,-,-,-,-,-,-,-,-,-,50.0
AUU,11.538461538461538,-,-,-,-,-,-,-,-,-,-,-,-,-,-,-,3.5502958579881656,-,-,-,-,-,-,-,-,-,-,-,-,-,-,-,*,0.0,0.0,29.585798816568047,28.106508875739642,-,-,-,8.579881656804735,-,-,-,7.751479289940829,-,-,-,13.017751479289942,-,-,-,-,-,-,-,-,-,-,-,-,-,-,-
AUC,-,11.538461538461538,-,-,-,-,-,-,-,-,-,-,-,-,-,-,-,3.5502958579881656,-,-,-,-,-,-,-,-,-,-,-,-,-,-,0.0,*,0.0,29.585798816568047,-,28.106508875739642,-,-,-,8.579881656804735,-,-,-,7.751479289940829,-,-,-,13.017751479289942,-,-,-,-,-,-,-,-,-,-,-,-,-,-
AUA,-,-,3.5502958579881656,-,-,-,-,-,-,-,-,-,-,-,-,-,-,-,3.5502958579881656,-,-,-,-,-,-,-,-,-,-,-,-,-,0.0,0.0,*,29.585798816568047,-,-,28.106508875739642,-,-,-,9.526627218934912,-,-,-,9.171597633136095,-,-,-,13.017751479289942,-,-,-,-,-,-,-,-,-,-,-,-,-
AUG,-,-,-,13.609467455621305,-,-,-,-,-,-,-,-,-,-,-,-,-,-,-,13.609467455621305,-,-,-,-,-,-,-,-,-,-,-,-,29.585798816568047,29.585798816568047,29.585798816568047,*,-,-,-,22.189349112426036,-,-,-,7.6923076923076925,-,-,-,6.863905325443788,-,-,-,34.9112426035503,-,-,-,-,-,-,-,-,-,-,-,-
ACU,-,-,-,-,14.201183431952662,-,-,-,-,-,-,-,-,-,-,-,-,-,-,-,6.804733727810652,-,-,-,-,-,-,-,-,-,-,-,28.106508875739642,-,-,-,*,0.0,0.0,0.0,3.5502958579881656,-,-,-,2.840236686390533,-,-,-,-,-,-,-,30.177514792899412,-,-,-,-,-,-,-,-,-,-,-
ACC,-,-,-,-,-,14.201183431952662,-,-,-,-,-,-,-,-,-,-,-,-,-,-,-,6.804733727810652,-,-,-,-,-,-,-,-,-,-,-,28.106508875739642,-,-,0.0,*,0.0,0.0,-,3.5502958579881656,-,-,-,2.840236686390533,-,-,-,-,-,-,-,30.177514792899412,-,-,-,-,-,-,-,-,-,-
ACA,-,-,-,-,-,-,14.201183431952662,-,-,-,-,-,-,-,-,-,-,-,-,-,-,-,6.804733727810652,-,-,-,-,-,-,-,-,-,-,-,28.106508875739642,-,0.0,0.0,*,0.0,-,-,5.798816568047338,-,-,-,6.331360946745562,-,-,-,-,-,-,-,30.177514792899412,-,-,-,-,-,-,-,-,-
ACG,-,-,-,-,-,-,-,14.201183431952662,-,-,-,-,-,-,-,-,-,-,-,-,-,-,-,6.804733727810652,-,-,-,-,-,-,-,-,-,-,-,22.189349112426036,0.0,0.0,0.0,*,-,-,-,5.798816568047338,-,-,-,6.331360946745562,-,-,-,-,-,-,-,30.177514792899412,-,-,-,-,-,-,-,-
AAU,-,-,-,-,-,-,-,-,29.585798816568047,-,-,-,-,-,-,-,-,-,-,-,-,-,-,-,17.45562130177515,-,-,-,-,-,-,-,8.579881656804735,-,-,-,3.5502958579881656,-,-,-,*,0.0,40.23668639053255,40.23668639053255,16.86390532544379,-,-,-,-,-,-,-,-,-,-,-,23.668639053254438,-,-,-,-,-,-,-
AAC,-,-,-,-,-,-,-,-,-,29.585798816568047,-,-,-,-,-,-,-,-,-,-,-,-,-,-,-,17.45562130177515,-,-,-,-,-,-,-,8.579881656804735,-,-,-,3.5502958579881656,-,-,0.0,*,40.23668639053255,40.23668639053255,-,16.86390532544379,-,-,-,-,-,-,-,-,-,-,-,23.668639053254438,-,-,-,-,-,-
AAA,-,-,-,-,-,-,-,-,-,-,-,-,-,-,-,-,-,-,-,-,-,-,-,-,-,-,14.497041420118343,-,-,-,-,-,-,-,9.526627218934912,-,-,-,5.798816568047338,-,40.23668639053255,40.23668639053255,*,0.0,-,-,13.609467455621305,-,-,-,-,-,-,-,-,-,-,-,39.64497041420118,-,-,-,-,-
AAG,-,-,-,-,-,-,-,-,-,-,-,-,-,-,-,-,-,-,-,-,-,-,-,-,-,-,-,14.497041420118343,-,-,-,-,-,-,-,7.6923076923076925,-,-,-,5.798816568047338,40.23668639053255,40.23668639053255,0.0,*,-,-,-,13.609467455621305,-,-,-,-,-,-,-,-,-,-,-,39.64497041420118,-,-,-,-
AGU,-,-,-,-,-,-,-,-,-,-,-,-,26.923076923076923,-,-,-,-,-,-,-,-,-,-,-,-,-,-,-,37.278106508875744,-,-,-,7.751479289940829,-,-,-,2.840236686390533,-,-,-,16.86390532544379,-,-,-,*,0.0,74.55621301775149,74.55621301775149,-,-,-,-,-,-,-,-,-,-,-,-,31.952662721893493,-,-,-
AGC,-,-,-,-,-,-,-,-,-,-,-,-,-,26.923076923076923,-,-,-,-,-,-,-,-,-,-,-,-,-,-,-,37.278106508875744,-,-,-,7.751479289940829,-,-,-,2.840236686390533,-,-,-,16.86390532544379,-,-,0.0,*,74.55621301775149,74.55621301775149,-,-,-,-,-,-,-,-,-,-,-,-,-,31.952662721893493,-,-
AGA,-,-,-,-,-,-,-,-,-,-,-,-,-,-,-,-,-,-,-,-,-,-,-,-,-,-,-,-,-,-,0.0,-,-,-,9.171597633136095,-,-,-,6.331360946745562,-,-,-,13.609467455621305,-,74.55621301775149,74.55621301775149,*,0.0,-,-,-,-,-,-,-,-,-,-,-,-,-,-,100.0,-
AGG,-,-,-,-,-,-,-,-,-,-,-,-,-,-,-,30.76923076923077,-,-,-,-,-,-,-,-,-,-,-,-,-,-,-,0.0,-,-,-,6.863905325443788,-,-,-,6.331360946745562,-,-,-,13.609467455621305,74.55621301775149,74.55621301775149,0.0,*,-,-,-,-,-,-,-,-,-,-,-,-,-,-,-,100.0
GUU,16.568047337278106,-,-,-,-,-,-,-,-,-,-,-,-,-,-,-,5.9171597633136095,-,-,-,-,-,-,-,-,-,-,-,-,-,-,-,13.017751479289942,-,-,-,-,-,-,-,-,-,-,-,-,-,-,-,*,0.0,0.0,0.0,26.627218934911244,-,-,-,9.23076923076923,-,-,-,8.994082840236686,-,-,-
GUC,-,16.568047337278106,-,-,-,-,-,-,-,-,-,-,-,-,-,-,-,5.9171597633136095,-,-,-,-,-,-,-,-,-,-,-,-,-,-,-,13.017751479289942,-,-,-,-,-,-,-,-,-,-,-,-,-,-,0.0,*,0.0,0.0,-,26.627218934911244,-,-,-,9.23076923076923,-,-,-,8.994082840236686,-,-
GUA,-,-,5.9171597633136095,-,-,-,-,-,-,-,-,-,-,-,-,-,-,-,5.9171597633136095,-,-,-,-,-,-,-,-,-,-,-,-,-,-,-,13.017751479289942,-,-,-,-,-,-,-,-,-,-,-,-,-,0.0,0.0,*,0.0,-,-,26.627218934911244,-,-,-,8.816568047337277,-,-,-,8.994082840236686,-
GUG,-,-,-,5.9171597633136095,-,-,-,-,-,-,-,-,-,-,-,-,-,-,-,5.9171597633136095,-,-,-,-,-,-,-,-,-,-,-,-,-,-,-,34.9112426035503,-,-,-,-,-,-,-,-,-,-,-,-,0.0,0.0,0.0,*,-,-,-,26.627218934911244,-,-,-,8.816568047337277,-,-,-,8.994082840236686
GCU,-,-,-,-,12.1301775147929,-,-,-,-,-,-,-,-,-,-,-,-,-,-,-,20.118343195266274,-,-,-,-,-,-,-,-,-,-,-,-,-,-,-,30.177514792899412,-,-,-,-,-,-,-,-,-,-,-,26.627218934911244,-,-,-,*,0.0,0.0,0.0,6.331360946745562,-,-,-,3.7869822485207103,-,-,-
GCC,-,-,-,-,-,12.1301775147929,-,-,-,-,-,-,-,-,-,-,-,-,-,-,-,20.118343195266274,-,-,-,-,-,-,-,-,-,-,-,-,-,-,-,30.177514792899412,-,-,-,-,-,-,-,-,-,-,-,26.627218934911244,-,-,0.0,*,0.0,0.0,-,6.331360946745562,-,-,-,3.7869822485207103,-,-
GCA,-,-,-,-,-,-,12.1301775147929,-,-,-,-,-,-,-,-,-,-,-,-,-,-,-,20.118343195266274,-,-,-,-,-,-,-,-,-,-,-,-,-,-,-,30.177514792899412,-,-,-,-,-,-,-,-,-,-,-,26.627218934911244,-,0.0,0.0,*,0.0,-,-,6.863905325443788,-,-,-,3.7869822485207103,-
GCG,-,-,-,-,-,-,-,12.1301775147929,-,-,-,-,-,-,-,-,-,-,-,-,-,-,-,20.118343195266274,-,-,-,-,-,-,-,-,-,-,-,-,-,-,-,30.177514792899412,-,-,-,-,-,-,-,-,-,-,-,26.627218934911244,0.0,0.0,0.0,*,-,-,-,6.863905325443788,-,-,-,3.7869822485207103
GAU,-,-,-,-,-,-,-,-,38.16568047337279,-,-,-,-,-,-,-,-,-,-,-,-,-,-,-,25.7396449704142,-,-,-,-,-,-,-,-,-,-,-,-,-,-,-,23.668639053254438,-,-,-,-,-,-,-,9.23076923076923,-,-,-,6.331360946745562,-,-,-,*,0.0,18.93491124260355,18.93491124260355,32.84023668639053,-,-,-
GAC,-,-,-,-,-,-,-,-,-,38.16568047337279,-,-,-,-,-,-,-,-,-,-,-,-,-,-,-,25.7396449704142,-,-,-,-,-,-,-,-,-,-,-,-,-,-,-,23.668639053254438,-,-,-,-,-,-,-,9.23076923076923,-,-,-,6.331360946745562,-,-,0.0,*,18.93491124260355,18.93491124260355,-,32.84023668639053,-,-
GAA,-,-,-,-,-,-,-,-,-,-,-,-,-,-,-,-,-,-,-,-,-,-,-,-,-,-,14.201183431952662,-,-,-,-,-,-,-,-,-,-,-,-,-,-,-,39.64497041420118,-,-,-,-,-,-,-,8.816568047337277,-,-,-,6.863905325443788,-,18.93491124260355,18.93491124260355,*,0.0,-,-,38.757396449704146,-
GAG,-,-,-,-,-,-,-,-,-,-,-,-,-,-,-,-,-,-,-,-,-,-,-,-,-,-,-,14.201183431952662,-,-,-,-,-,-,-,-,-,-,-,-,-,-,-,39.64497041420118,-,-,-,-,-,-,-,8.816568047337277,-,-,-,6.863905325443788,18.93491124260355,18.93491124260355,0.0,*,-,-,-,38.757396449704146
GGU,-,-,-,-,-,-,-,-,-,-,-,-,32.248520710059175,-,-,-,-,-,-,-,-,-,-,-,-,-,-,-,50.0,-,-,-,-,-,-,-,-,-,-,-,-,-,-,-,31.952662721893493,-,-,-,8.994082840236686,-,-,-,3.7869822485207103,-,-,-,32.84023668639053,-,-,-,*,0.0,0.0,0.0
GGC,-,-,-,-,-,-,-,-,-,-,-,-,-,32.248520710059175,-,-,-,-,-,-,-,-,-,-,-,-,-,-,-,50.0,-,-,-,-,-,-,-,-,-,-,-,-,-,-,-,31.952662721893493,-,-,-,8.994082840236686,-,-,-,3.7869822485207103,-,-,-,32.84023668639053,-,-,0.0,*,0.0,0.0
GGA,-,-,-,-,-,-,-,-,-,-,-,-,-,-,-,-,-,-,-,-,-,-,-,-,-,-,-,-,-,-,50.0,-,-,-,-,-,-,-,-,-,-,-,-,-,-,-,100.0,-,-,-,8.994082840236686,-,-,-,3.7869822485207103,-,-,-,38.757396449704146,-,0.0,0.0,*,0.0
GGG,-,-,-,-,-,-,-,-,-,-,-,-,-,-,-,59.171597633136095,-,-,-,-,-,-,-,-,-,-,-,-,-,-,-,50.0,-,-,-,-,-,-,-,-,-,-,-,-,-,-,-,100.0,-,-,-,8.994082840236686,-,-,-,3.7869822485207103,-,-,-,38.757396449704146,0.0,0.0,0.0,*
